"file","line","receiver","method","path_expression","explicit_middlewares"
"dev/import/greentarget-legacy/verify-multi-allocation-receipt.mjs","347","app","use","express.json()",""
"dev/import/greentarget-legacy/verify-multi-allocation-receipt.mjs","348","app","use","""/""",""
"server.js","38","app","use","async (req, res, next) => {
  // Check if the pool object itself exists and has the maintenanceMode property
  if (
    pool &&
    pool.pool.maintenanceMode &&
    !req.path.startsWith(""/api/backup"") && // Allow backup routes
    req.method !== ""OPTIONS"" // Allow CORS preflight
  ) {
    // Log maintenance mode activation
    // console.log(`Maintenance mode active. Request blocked: ${req.method} ${req.path}`);
    return res.status(503).json({
      error: ""Service temporarily unavailable"",
      message:
        ""System maintenance in progress. Please try again in a few moments."",
    });
  }
  next();
}",""
"server.js","74","app","use","cors(corsConfig)",""
"server.js","75","app","use","json({ limit: ""50mb"" })",""
"server.js","76","app","use","express.urlencoded({ extended: true, limit: ""50mb"" })",""
"server.js","79","app","use","express.static(path.join(__dirname, ""build""))",""
"server.js","199","app","get","""*""",""
"src/routes/accounting/account-codes.js","10","router","get","""/""",""
"src/routes/accounting/account-codes.js","115","router","get","""/hierarchy""",""
"src/routes/accounting/account-codes.js","134","router","get","""/search""",""
"src/routes/accounting/account-codes.js","169","router","get","""/children/:parentCode""",""
"src/routes/accounting/account-codes.js","195","router","get","""/:code/overview""",""
"src/routes/accounting/account-codes.js","452","router","get","""/:code""",""
"src/routes/accounting/account-codes.js","493","router","post","""/""",""
"src/routes/accounting/account-codes.js","607","router","put","""/:code""",""
"src/routes/accounting/account-codes.js","744","router","patch","""/:code/fs-note""",""
"src/routes/accounting/account-codes.js","795","router","delete","""/:code""",""
"src/routes/accounting/account-codes.js","884","router","post","""/import""",""
"src/routes/accounting/audit-exports.js","704","router","get","""/pack/:year""",""
"src/routes/accounting/audit-exports.js","807","router","get","""/:kind/:year""",""
"src/routes/accounting/bank-ins.js","18","router","get","""/next-rv""",""
"src/routes/accounting/bank-ins.js","39","router","get","""/pools""",""
"src/routes/accounting/bank-ins.js","56","router","get","""/""",""
"src/routes/accounting/bank-ins.js","132","router","get","""/:id""",""
"src/routes/accounting/bank-ins.js","166","router","post","""/""",""
"src/routes/accounting/bank-ins.js","185","router","post","""/drawing""",""
"src/routes/accounting/bank-ins.js","202","router","put","""/:id/cancel""",""
"src/routes/accounting/bank-statement.js","230","router","get","""/usage-counts""",""
"src/routes/accounting/bank-statement.js","254","router","get","""/:accountCode/range/:start/:end""",""
"src/routes/accounting/bank-statement.js","296","router","get","""/:accountCode/:year/:month""",""
"src/routes/accounting/debtors.js","39","router","get","""/""",""
"src/routes/accounting/debtors.js","436","router","get","""/statement/:customerId""",""
"src/routes/accounting/debtors.js","571","router","get","""/general-statement""",""
"src/routes/accounting/financial-reports.js","164","router","get","""/notes""",""
"src/routes/accounting/financial-reports.js","211","router","post","""/notes""",""
"src/routes/accounting/financial-reports.js","263","router","put","""/notes/:code""",""
"src/routes/accounting/financial-reports.js","318","router","delete","""/notes/:code""",""
"src/routes/accounting/financial-reports.js","356","router","post","""/assign-notes""",""
"src/routes/accounting/financial-reports.js","422","router","get","""/account-codes-with-notes""",""
"src/routes/accounting/financial-reports.js","466","router","get","""/closing-stock/:year/:month""",""
"src/routes/accounting/financial-reports.js","492","router","put","""/closing-stock/:year/:month""",""
"src/routes/accounting/financial-reports.js","555","router","get","""/trial-balance/:year/:month""",""
"src/routes/accounting/financial-reports.js","724","router","get","""/income-statement/:year/:month""",""
"src/routes/accounting/financial-reports.js","877","router","get","""/balance-sheet/:year/:month""",""
"src/routes/accounting/financial-reports.js","1104","router","get","""/cogm/:year/:month""",""
"src/routes/accounting/journal-entries.js","338","router","get","""/types""",""
"src/routes/accounting/journal-entries.js","360","router","get","""/""",""
"src/routes/accounting/journal-entries.js","476","router","get","""/next-reference/:type""",""
"src/routes/accounting/journal-entries.js","542","router","get","""/next-cheque-no""",""
"src/routes/accounting/journal-entries.js","585","router","get","""/cheque-usage""",""
"src/routes/accounting/journal-entries.js","605","router","get","""/:id""",""
"src/routes/accounting/journal-entries.js","774","router","get","""/:id/receipt-voucher""",""
"src/routes/accounting/journal-entries.js","947","router","post","""/""",""
"src/routes/accounting/journal-entries.js","1091","router","put","""/:id""",""
"src/routes/accounting/journal-entries.js","1357","router","post","""/:id/post""",""
"src/routes/accounting/journal-entries.js","1430","router","post","""/:id/cancel""",""
"src/routes/accounting/journal-entries.js","1504","router","post","""/:id/restore""",""
"src/routes/accounting/journal-entries.js","1628","router","delete","""/:id""",""
"src/routes/accounting/journal-vouchers.js","604","router","get","""/mappings""",""
"src/routes/accounting/journal-vouchers.js","659","router","get","""/mappings/:id""",""
"src/routes/accounting/journal-vouchers.js","689","router","post","""/mappings""",""
"src/routes/accounting/journal-vouchers.js","798","router","put","""/mappings/:id""",""
"src/routes/accounting/journal-vouchers.js","873","router","delete","""/mappings/:id""",""
"src/routes/accounting/journal-vouchers.js","913","router","get","""/preview/:year/:month""",""
"src/routes/accounting/journal-vouchers.js","1414","router","get","""/payroll-summary/:year/:month""",""
"src/routes/accounting/journal-vouchers.js","1544","router","post","""/generate""",""
"src/routes/accounting/journal-vouchers.js","1977","router","get","""/check/:year/:month""",""
"src/routes/accounting/ledger-types.js","8","router","get","""/""",""
"src/routes/accounting/ledger-types.js","38","router","get","""/:code""",""
"src/routes/accounting/ledger-types.js","76","router","post","""/""",""
"src/routes/accounting/ledger-types.js","126","router","put","""/:code""",""
"src/routes/accounting/ledger-types.js","185","router","delete","""/:code""",""
"src/routes/accounting/materials.js","94","router","get","""/""",""
"src/routes/accounting/materials.js","147","router","get","""/categories""",""
"src/routes/accounting/materials.js","173","router","get","""/account-mappings""",""
"src/routes/accounting/materials.js","237","router","post","""/account-mappings/batch""",""
"src/routes/accounting/materials.js","356","router","get","""/stock-kilang""",""
"src/routes/accounting/materials.js","400","router","put","""/stock-kilang/product""",""
"src/routes/accounting/materials.js","504","router","post","""/stock-kilang/batch""",""
"src/routes/accounting/materials.js","647","router","get","""/stock/entries""",""
"src/routes/accounting/materials.js","692","router","get","""/stock/opening""",""
"src/routes/accounting/materials.js","762","router","get","""/stock/with-opening""",""
"src/routes/accounting/materials.js","1050","router","get","""/closing-stock-reference""",""
"src/routes/accounting/materials.js","1103","router","post","""/stock/batch""",""
"src/routes/accounting/materials.js","1262","router","get","""/stock/summary""",""
"src/routes/accounting/materials.js","1305","router","get","""/stock/history/:materialId""",""
"src/routes/accounting/materials.js","1344","router","put","""/order""",""
"src/routes/accounting/materials.js","1402","router","post","""/batch/variants""",""
"src/routes/accounting/materials.js","1452","router","put","""/:id/variants/order""",""
"src/routes/accounting/materials.js","1504","router","get","""/:id/variants""",""
"src/routes/accounting/materials.js","1536","router","post","""/:id/variants""",""
"src/routes/accounting/materials.js","1592","router","put","""/variants/:variantId""",""
"src/routes/accounting/materials.js","1672","router","delete","""/variants/:variantId""",""
"src/routes/accounting/materials.js","1754","router","get","""/:id""",""
"src/routes/accounting/materials.js","1784","router","post","""/""",""
"src/routes/accounting/materials.js","1858","router","put","""/:id""",""
"src/routes/accounting/materials.js","1939","router","delete","""/:id""",""
"src/routes/accounting/opening-balances.js","38","router","get","""/""",""
"src/routes/accounting/opening-balances.js","180","router","put","""/bulk""",""
"src/routes/accounting/opening-balances.js","267","router","get","""/:accountCode""",""
"src/routes/accounting/opening-balances.js","308","router","put","""/:accountCode""",""
"src/routes/accounting/opening-balances.js","358","router","delete","""/:accountCode/:asOfDate""",""
"src/routes/accounting/purchase-invoices.js","150","router","get","""/materials""",""
"src/routes/accounting/purchase-invoices.js","224","router","get","""/""",""
"src/routes/accounting/purchase-invoices.js","312","router","get","""/:id""",""
"src/routes/accounting/purchase-invoices.js","364","router","post","""/""",""
"src/routes/accounting/purchase-invoices.js","550","router","put","""/:id""",""
"src/routes/accounting/purchase-invoices.js","821","router","delete","""/:id""",""
"src/routes/accounting/self-billed-invoices.js","1158","router","get","""/features""",""
"src/routes/accounting/self-billed-invoices.js","1162","router","get","""/init""",""
"src/routes/accounting/self-billed-invoices.js","1180","router","get","""/foreign-suppliers""",""
"src/routes/accounting/self-billed-invoices.js","1209","router","post","""/foreign-suppliers""",""
"src/routes/accounting/self-billed-invoices.js","1227","router","put","""/foreign-suppliers/:id""",""
"src/routes/accounting/self-billed-invoices.js","1248","router","get","""/""",""
"src/routes/accounting/self-billed-invoices.js","1362","router","post","""/submit""",""
"src/routes/accounting/self-billed-invoices.js","1542","router","patch","""/:id/record-fields""",""
"src/routes/accounting/self-billed-invoices.js","1634","router","post","""/:id/supporting-document""","express.raw({ type: ""*/*"", limit: MAX_SUPPORTING_DOCUMENT_BYTES })"
"src/routes/accounting/self-billed-invoices.js","1730","router","get","""/:id/supporting-document""",""
"src/routes/accounting/self-billed-invoices.js","1761","router","delete","""/:id/supporting-document""",""
"src/routes/accounting/self-billed-invoices.js","1800","router","get","""/general-stock/categories""",""
"src/routes/accounting/self-billed-invoices.js","1820","router","post","""/general-stock/categories""",""
"src/routes/accounting/self-billed-invoices.js","1848","router","put","""/general-stock/categories/:categoryId""",""
"src/routes/accounting/self-billed-invoices.js","1880","router","delete","""/general-stock/categories/:categoryId""",""
"src/routes/accounting/self-billed-invoices.js","1904","router","get","""/general-stock/search""",""
"src/routes/accounting/self-billed-invoices.js","2054","router","get","""/general-stock""",""
"src/routes/accounting/self-billed-invoices.js","2193","router","post","""/general-stock/adjustments""",""
"src/routes/accounting/self-billed-invoices.js","2269","router","delete","""/general-stock/adjustments/:adjustmentId""",""
"src/routes/accounting/self-billed-invoices.js","2292","router","get","""/:id""",""
"src/routes/accounting/self-billed-invoices.js","2320","router","post","""/""",""
"src/routes/accounting/self-billed-invoices.js","2456","router","put","""/:id""",""
"src/routes/accounting/self-billed-invoices.js","2610","router","delete","""/:id""",""
"src/routes/accounting/self-billed-invoices.js","2667","router","post","""/:id/submit""",""
"src/routes/accounting/self-billed-invoices.js","2744","router","put","""/:id/refresh-status""",""
"src/routes/accounting/self-billed-invoices.js","2790","router","post","""/:id/cancel""",""
"src/routes/accounting/self-billed-invoices.js","2869","router","post","""/:id/clear-status""",""
"src/routes/accounting/supplier-payments.js","130","router","get","""/""",""
"src/routes/accounting/supplier-payments.js","206","router","get","""/by-invoice""",""
"src/routes/accounting/supplier-payments.js","246","router","get","""/:id""",""
"src/routes/accounting/supplier-payments.js","281","router","post","""/""",""
"src/routes/accounting/supplier-payments.js","432","router","put","""/:id/cancel""",""
"src/routes/accounting/suppliers.js","8","router","get","""/""",""
"src/routes/accounting/suppliers.js","67","router","get","""/dropdown""",""
"src/routes/accounting/suppliers.js","87","router","get","""/:id""",""
"src/routes/accounting/suppliers.js","133","router","post","""/""",""
"src/routes/accounting/suppliers.js","181","router","put","""/:id""",""
"src/routes/accounting/suppliers.js","244","router","delete","""/:id""",""
"src/routes/accounting/suppliers.js","292","router","post","""/:id/reactivate""",""
"src/routes/admin/backup.js","1286","router","post","'/create'",""
"src/routes/admin/backup.js","1360","router","post","'/delete'",""
"src/routes/admin/backup.js","1395","router","get","'/list'",""
"src/routes/admin/backup.js","1422","router","get","'/restore/status'",""
"src/routes/admin/backup.js","1431","router","get","'/download/:filename'",""
"src/routes/admin/backup.js","1598","router","post","'/restore'",""
"src/routes/admin/backup.js","1665","router","post","'/upload-sql'",""
"src/routes/auth/auth.js","9","router","post","'/login'",""
"src/routes/auth/sessions.js","28","router","post","""/initialize""",""
"src/routes/auth/sessions.js","99","router","get","""/state/:sessionId""","validateSessionHeader"
"src/routes/auth/sessions.js","165","router","delete","""/:sessionId""","validateSessionHeader"
"src/routes/catalogue/customer-branches.js","9","router","post","""/""",""
"src/routes/catalogue/customer-branches.js","143","router","post","""/:groupId/add""",""
"src/routes/catalogue/customer-branches.js","326","router","put","""/:groupId/main/:customerId""",""
"src/routes/catalogue/customer-branches.js","426","router","delete","""/:groupId/remove/:customerId""",""
"src/routes/catalogue/customer-branches.js","521","router","delete","""/:groupId""",""
"src/routes/catalogue/customer-products.js","9","router","get","""/all""",""
"src/routes/catalogue/customer-products.js","55","router","post","""/batch""",""
"src/routes/catalogue/customer-validation.js","9","router","get","""/validate/:tin""",""
"src/routes/catalogue/customers.js","71","router","get","""/""",""
"src/routes/catalogue/customers.js","201","router","get","""/get-customers""",""
"src/routes/catalogue/customers.js","241","router","get","""/credits""",""
"src/routes/catalogue/customers.js","272","router","get","""/:id""",""
"src/routes/catalogue/customers.js","306","router","get","""/:id/transactions""",""
"src/routes/catalogue/customers.js","384","router","post","""/""",""
"src/routes/catalogue/customers.js","467","router","delete","""/:id""",""
"src/routes/catalogue/customers.js","588","router","post","""/names""",""
"src/routes/catalogue/customers.js","622","router","put","""/:id""",""
"src/routes/catalogue/employee-pay-codes.js","8","router","get","""/all-mappings""",""
"src/routes/catalogue/employee-pay-codes.js","96","router","get","""/employee/:employeeId""",""
"src/routes/catalogue/employee-pay-codes.js","157","router","post","""/batch""",""
"src/routes/catalogue/employee-pay-codes.js","284","router","post","""/batch-delete""",""
"src/routes/catalogue/employee-pay-codes.js","390","router","post","""/""",""
"src/routes/catalogue/employee-pay-codes.js","467","router","put","""/:employeeId/:payCodeId""",""
"src/routes/catalogue/employee-pay-codes.js","581","router","put","""/batch-default""",""
"src/routes/catalogue/employee-pay-codes.js","667","router","delete","""/:employeeId/:payCodeId""",""
"src/routes/catalogue/entities/locations.js","9","router","post","""/""",""
"src/routes/catalogue/entities/locations.js","44","router","get","""/""",""
"src/routes/catalogue/entities/locations.js","70","router","get","""/:id/dependencies""",""
"src/routes/catalogue/entities/locations.js","125","router","put","""/:id""",""
"src/routes/catalogue/entities/locations.js","222","router","delete","""/""",""
"src/routes/catalogue/entities/locations.js","299","router","get","""/employee-mappings""",""
"src/routes/catalogue/entities/locations.js","345","router","get","""/job-mappings""",""
"src/routes/catalogue/entities/locations.js","396","router","get","""/:id/exclusions""",""
"src/routes/catalogue/entities/locations.js","428","router","get","""/:id/exclusion-candidates""",""
"src/routes/catalogue/entities/locations.js","463","router","post","""/:id/exclusions""",""
"src/routes/catalogue/entities/locations.js","511","router","delete","""/:id/exclusions/:exclusionId""",""
"src/routes/catalogue/job-categories.js","15","router","get","'/'",""
"src/routes/catalogue/job-categories.js","30","router","post","'/'",""
"src/routes/catalogue/job-categories.js","74","router","delete","'/'",""
"src/routes/catalogue/job-categories.js","101","router","post","'/batch'",""
"src/routes/catalogue/job-categories.js","171","router","put","'/:id'",""
"src/routes/catalogue/job-details.js","8","router","get","""/""",""
"src/routes/catalogue/job-details.js","27","router","delete","""/""",""
"src/routes/catalogue/job-details.js","75","router","post","""/batch""",""
"src/routes/catalogue/job-details.js","173","router","put","""/:id""",""
"src/routes/catalogue/job-location-mappings.js","18","router","get","""/""",""
"src/routes/catalogue/job-location-mappings.js","71","router","get","""/unmapped""",""
"src/routes/catalogue/job-location-mappings.js","92","router","get","""/:jobId""",""
"src/routes/catalogue/job-location-mappings.js","128","router","post","""/""",""
"src/routes/catalogue/job-location-mappings.js","200","router","put","""/:jobId""",""
"src/routes/catalogue/job-location-mappings.js","323","router","delete","""/:jobId""",""
"src/routes/catalogue/job-location-mappings.js","358","router","post","""/batch""",""
"src/routes/catalogue/job-pay-codes.js","7","router","get","""/all-mappings""",""
"src/routes/catalogue/job-pay-codes.js","97","router","get","""/job/:jobId""",""
"src/routes/catalogue/job-pay-codes.js","159","router","post","""/""",""
"src/routes/catalogue/job-pay-codes.js","226","router","post","""/batch""",""
"src/routes/catalogue/job-pay-codes.js","356","router","put","""/:jobId/:payCodeId""",""
"src/routes/catalogue/job-pay-codes.js","479","router","delete","""/:jobId/:payCodeId""",""
"src/routes/catalogue/job-pay-codes.js","533","router","put","""/batch-default""",""
"src/routes/catalogue/job-pay-codes.js","617","router","post","""/batch-delete""",""
"src/routes/catalogue/jobs.js","25","router","get","""/""",""
"src/routes/catalogue/jobs.js","56","router","post","""/""",""
"src/routes/catalogue/jobs.js","103","router","get","""/:id/dependencies""",""
"src/routes/catalogue/jobs.js","186","router","delete","""/:id""",""
"src/routes/catalogue/jobs.js","214","router","put","""/:id""",""
"src/routes/catalogue/jobs.js","263","router","get","""/:jobId/details/count""",""
"src/routes/catalogue/pay-codes.js","26","router","get","""/""",""
"src/routes/catalogue/pay-codes.js","67","router","get","""/:id""",""
"src/routes/catalogue/pay-codes.js","112","router","post","""/""",""
"src/routes/catalogue/pay-codes.js","210","router","put","""/:id""",""
"src/routes/catalogue/pay-codes.js","344","router","delete","""/:id""",""
"src/routes/catalogue/pay-rate-schedules.js","80","router","post","""/resolve""",""
"src/routes/catalogue/pay-rate-schedules.js","122","router","get","""/""",""
"src/routes/catalogue/pay-rate-schedules.js","169","router","post","""/""",""
"src/routes/catalogue/pay-rate-schedules.js","210","router","put","""/:id""",""
"src/routes/catalogue/pay-rate-schedules.js","252","router","delete","""/:id""",""
"src/routes/catalogue/product-pay-codes.js","8","router","get","""/all-mappings""",""
"src/routes/catalogue/product-pay-codes.js","77","router","get","""/:productId""",""
"src/routes/catalogue/product-pay-codes.js","129","router","post","""/batch""",""
"src/routes/catalogue/product-pay-codes.js","261","router","post","""/batch-delete""",""
"src/routes/catalogue/products.js","317","router","get","""/""",""
"src/routes/catalogue/products.js","436","router","post","""/""",""
"src/routes/catalogue/products.js","472","router","delete","""/""",""
"src/routes/catalogue/products.js","538","router","post","""/batch""",""
"src/routes/catalogue/products.js","640","router","post","""/with-paycode-setup""",""
"src/routes/catalogue/products.js","1027","router","get","""/:productId/paycode-links""",""
"src/routes/catalogue/products.js","1046","router","get","""/:productId/paycode-candidates""",""
"src/routes/catalogue/products.js","1086","router","post","""/:productId/paycode-links""",""
"src/routes/catalogue/products.js","1269","router","put","""/:productId/paycode-links/:scope/:payCodeId""",""
"src/routes/catalogue/products.js","1377","router","delete","""/:productId/paycode-links/:scope/:role/:payCodeId""",""
"src/routes/catalogue/products.js","1451","router","put","""/order""",""
"src/routes/catalogue/products.js","1528","router","put","""/:id""",""
"src/routes/catalogue/products.js","1577","router","get","""/:id""",""
"src/routes/catalogue/salesman-ikut-pay-codes.js","16","router","get","""/""",""
"src/routes/catalogue/staff-options.js","8","router","get","""/""",""
"src/routes/catalogue/staffs.js","38","router","get","""/""",""
"src/routes/catalogue/staffs.js","136","router","post","""/""",""
"src/routes/catalogue/staffs.js","269","router","get","""/get-salesmen""",""
"src/routes/catalogue/staffs.js","287","router","get","""/get-drivers""",""
"src/routes/catalogue/staffs.js","306","router","get","""/same-name/:id""",""
"src/routes/catalogue/staffs.js","359","router","put","""/set-head""",""
"src/routes/catalogue/staffs.js","427","router","get","""/:id""",""
"src/routes/catalogue/staffs.js","511","router","put","""/batch-job-update""",""
"src/routes/catalogue/staffs.js","585","router","put","""/batch-location-update""",""
"src/routes/catalogue/staffs.js","659","router","put","""/:id""",""
"src/routes/catalogue/staffs.js","806","router","delete","""/:id""",""
"src/routes/catalogue/taxes.js","8","router","post","""/""",""
"src/routes/catalogue/taxes.js","40","router","get","""/""",""
"src/routes/catalogue/taxes.js","54","router","put","""/:name""",""
"src/routes/catalogue/taxes.js","87","router","delete","""/""",""
"src/routes/catalogue/taxes.js","141","router","post","""/batch""",""
"src/routes/greentarget/accounting/account-codes.js","60","router","get","""/""",""
"src/routes/greentarget/accounting/account-codes.js","129","router","get","""/children/:parentCode""",""
"src/routes/greentarget/accounting/account-codes.js","155","router","get","""/debtor-subledger""",""
"src/routes/greentarget/accounting/account-codes.js","205","router","get","""/debtor-subledger/availability""",""
"src/routes/greentarget/accounting/account-codes.js","269","router","post","""/debtor-subledger""",""
"src/routes/greentarget/accounting/account-codes.js","378","router","get","""/:code/overview""",""
"src/routes/greentarget/accounting/account-codes.js","640","router","get","""/:code""",""
"src/routes/greentarget/accounting/account-codes.js","679","router","post","""/""",""
"src/routes/greentarget/accounting/account-codes.js","949","router","put","""/:code""",""
"src/routes/greentarget/accounting/account-codes.js","1417","router","delete","""/:code""",""
"src/routes/greentarget/accounting/account-codes.js","1550","router","get","""/""",""
"src/routes/greentarget/accounting/account-ledger.js","34","router","get","""/accounts""",""
"src/routes/greentarget/accounting/account-ledger.js","47","router","get","""/:accountCode/range/:start/:end""",""
"src/routes/greentarget/accounting/account-ledger.js","81","router","get","""/:accountCode/:year/:month""",""
"src/routes/greentarget/accounting/debtors.js","520","router","get","""/""",""
"src/routes/greentarget/accounting/debtors.js","648","router","get","""/legacy-list""",""
"src/routes/greentarget/accounting/debtors.js","677","router","get","""/sub-schedule/CD_SD""",""
"src/routes/greentarget/accounting/debtors.js","750","router","get","""/ledger-statement/:code""",""
"src/routes/greentarget/accounting/debtors.js","862","router","get","""/statement/:customerId""",""
"src/routes/greentarget/accounting/debtors.js","950","router","get","""/general-statement""",""
"src/routes/greentarget/accounting/financial-reports.js","31","router","get","""/notes""",""
"src/routes/greentarget/accounting/financial-reports.js","68","router","get","""/trial-balance/:year/:month""",""
"src/routes/greentarget/accounting/financial-reports.js","102","router","get","""/income-statement/:year/:month""",""
"src/routes/greentarget/accounting/financial-reports.js","124","router","get","""/balance-sheet/:year/:month""",""
"src/routes/greentarget/accounting/journal-entries.js","240","router","get","""/""",""
"src/routes/greentarget/accounting/journal-entries.js","365","router","get","""/types""",""
"src/routes/greentarget/accounting/journal-entries.js","387","router","get","""/next-reference/:type""",""
"src/routes/greentarget/accounting/journal-entries.js","449","router","get","""/next-cheque-no""",""
"src/routes/greentarget/accounting/journal-entries.js","492","router","get","""/cheque-usage""",""
"src/routes/greentarget/accounting/journal-entries.js","514","router","get","""/:id""",""
"src/routes/greentarget/accounting/journal-entries.js","753","router","post","""/""",""
"src/routes/greentarget/accounting/journal-entries.js","839","router","put","""/:id""",""
"src/routes/greentarget/accounting/journal-entries.js","997","router","post","""/:id/cancel""",""
"src/routes/greentarget/accounting/journal-entries.js","1065","router","post","""/:id/restore""",""
"src/routes/greentarget/accounting/journal-vouchers.js","387","router","get","""/preview/:year/:month""",""
"src/routes/greentarget/accounting/journal-vouchers.js","453","router","get","""/payroll-summary/:year/:month""",""
"src/routes/greentarget/accounting/journal-vouchers.js","493","router","post","""/generate""",""
"src/routes/greentarget/accounting/journal-vouchers.js","649","router","get","""/check/:year/:month""",""
"src/routes/greentarget/accounting/journal-vouchers.js","669","router","get","""/branch-mappings""",""
"src/routes/greentarget/accounting/journal-vouchers.js","690","router","put","""/branch-mappings/:employeeId""",""
"src/routes/greentarget/accounting/opening-balances.js","142","router","get","""/""",""
"src/routes/greentarget/accounting/opening-balances.js","303","router","put","""/bulk""",""
"src/routes/greentarget/accounting/opening-balances.js","401","router","get","""/:accountCode""",""
"src/routes/greentarget/accounting/opening-balances.js","443","router","put","""/:accountCode""",""
"src/routes/greentarget/accounting/opening-balances.js","506","router","delete","""/:accountCode/:asOfDate""",""
"src/routes/greentarget/adjustment-docs.js","505","router","get","""/next-number/:type""",""
"src/routes/greentarget/adjustment-docs.js","526","router","get","""/""",""
"src/routes/greentarget/adjustment-docs.js","623","router","get","""/eligible-for-consolidation""",""
"src/routes/greentarget/adjustment-docs.js","681","router","get","""/consolidated-history""",""
"src/routes/greentarget/adjustment-docs.js","710","router","post","""/submit-consolidated""",""
"src/routes/greentarget/adjustment-docs.js","941","router","get","""/:id""",""
"src/routes/greentarget/adjustment-docs.js","964","router","post","""/""",""
"src/routes/greentarget/adjustment-docs.js","1335","router","post","""/:id/cancel""",""
"src/routes/greentarget/adjustment-docs.js","1532","router","post","""/:id/submit-einvoice""",""
"src/routes/greentarget/adjustment-docs.js","1731","router","post","""/:id/update-status""",""
"src/routes/greentarget/adjustment-docs.js","1830","router","post","""/:id/cancel-einvoice""",""
"src/routes/greentarget/adjustment-docs.js","1950","router","post","""/:id/clear-einvoice-status""",""
"src/routes/greentarget/cp8d.js","113","router","get","""/:year""",""
"src/routes/greentarget/cp8d.js","136","router","post","""/:year/prefill""",""
"src/routes/greentarget/cp8d.js","218","router","post","""/:year/records""",""
"src/routes/greentarget/cp8d.js","284","router","post","""/records/:id/derive""",""
"src/routes/greentarget/cp8d.js","355","router","put","""/records/:id""",""
"src/routes/greentarget/cp8d.js","418","router","delete","""/records/:id""",""
"src/routes/greentarget/cp8d.js","443","router","get","""/:year/export""",""
"src/routes/greentarget/customer-signups.js","77","router","post","""/""",""
"src/routes/greentarget/customer-signups.js","245","router","get","""/""","requireStaffSession"
"src/routes/greentarget/customer-signups.js","274","router","post","""/:id/convert""","requireStaffSession"
"src/routes/greentarget/customer-signups.js","384","router","patch","""/:id""","requireStaffSession"
"src/routes/greentarget/customer-signups.js","431","router","delete","""/:id""","requireStaffSession"
"src/routes/greentarget/customers.js","9","router","get","""/""",""
"src/routes/greentarget/customers.js","58","router","post","""/""",""
"src/routes/greentarget/customers.js","129","router","put","""/:id""",""
"src/routes/greentarget/customers.js","212","router","get","""/:id""",""
"src/routes/greentarget/customers.js","243","router","delete","""/:id""",""
"src/routes/greentarget/daily-lori-habuk.js","35","router","get","""/""",""
"src/routes/greentarget/daily-lori-habuk.js","219","router","post","""/""",""
"src/routes/greentarget/daily-lori-habuk.js","291","router","delete","""/""",""
"src/routes/greentarget/daily-lori-habuk.js","321","router","get","""/leave""",""
"src/routes/greentarget/daily-lori-habuk.js","363","router","post","""/leave""",""
"src/routes/greentarget/dashboard.js","8","router","get","""/""",""
"src/routes/greentarget/dashboard.js","97","router","get","""/activities""",""
"src/routes/greentarget/dumpsters.js","8","router","get","""/""",""
"src/routes/greentarget/dumpsters.js","34","router","post","""/""",""
"src/routes/greentarget/dumpsters.js","72","router","get","""/availability""",""
"src/routes/greentarget/dumpsters.js","288","router","put","""/:tong_no""",""
"src/routes/greentarget/dumpsters.js","323","router","delete","""/:tong_no""",""
"src/routes/greentarget/e-caruman.js","168","router","get","""/settings""",""
"src/routes/greentarget/e-caruman.js","190","router","put","""/settings""",""
"src/routes/greentarget/e-caruman.js","228","router","get","""/preview""",""
"src/routes/greentarget/e-caruman.js","437","router","get","""/epf/export""",""
"src/routes/greentarget/e-caruman.js","495","router","get","""/socso-sip/export""",""
"src/routes/greentarget/e-caruman.js","548","router","get","""/income-tax/export""",""
"src/routes/greentarget/einvoice.js","16","router","post","""/submit/:invoiceId""",""
"src/routes/greentarget/einvoice.js","188","router","put","""/:invoice_id/check-einvoice-status""",""
"src/routes/greentarget/einvoice.js","315","router","put","""/:invoice_id/sync-cancellation""",""
"src/routes/greentarget/einvoice.js","464","router","get","""/eligible-for-consolidation""",""
"src/routes/greentarget/einvoice.js","536","router","get","""/consolidated-history""",""
"src/routes/greentarget/einvoice.js","602","router","post","""/submit-consolidated""",""
"src/routes/greentarget/einvoice.js","825","router","get","""/settings/auto-consolidation""",""
"src/routes/greentarget/einvoice.js","850","router","post","""/settings/auto-consolidation""",""
"src/routes/greentarget/einvoice.js","888","router","get","""/auto-consolidation/status""",""
"src/routes/greentarget/einvoice.js","930","router","post","""/consolidated/:invoice_id/update-status""",""
"src/routes/greentarget/einvoice.js","1037","router","post","""/consolidated/:invoice_id/cancel""",""
"src/routes/greentarget/employee-pay-codes.js","88","router","get","""/""",""
"src/routes/greentarget/employee-pay-codes.js","104","router","get","""/:employeeId""",""
"src/routes/greentarget/employee-pay-codes.js","125","router","put","""/:employeeId""",""
"src/routes/greentarget/employee-pay-codes.js","229","router","get","""/:employeeId/schedules""",""
"src/routes/greentarget/employee-pay-codes.js","264","router","post","""/:employeeId/schedules""",""
"src/routes/greentarget/employee-pay-codes.js","364","router","delete","""/schedules/:scheduleId""",""
"src/routes/greentarget/employee-payrolls.js","145","router","get","""/batch""",""
"src/routes/greentarget/employee-payrolls.js","260","router","get","""/:id""",""
"src/routes/greentarget/employee-payrolls.js","394","router","post","""/:id/items""",""
"src/routes/greentarget/employee-payrolls.js","452","router","delete","""/items/:itemId""",""
"src/routes/greentarget/incentives.js","16","router","get","""/""",""
"src/routes/greentarget/incentives.js","67","router","post","""/""",""
"src/routes/greentarget/incentives.js","99","router","put","""/:id""",""
"src/routes/greentarget/incentives.js","133","router","delete","""/:id""",""
"src/routes/greentarget/invoices.js","344","router","get","""/""",""
"src/routes/greentarget/invoices.js","654","router","get","""/batch""",""
"src/routes/greentarget/invoices.js","793","router","get","""/:invoice_id""",""
"src/routes/greentarget/invoices.js","976","router","post","""/""",""
"src/routes/greentarget/invoices.js","1191","router","get","""/check-number/:invoice_number(*)""",""
"src/routes/greentarget/invoices.js","1221","router","put","""/:invoice_id""",""
"src/routes/greentarget/invoices.js","1721","router","put","""/:invoice_id/cancel""",""
"src/routes/greentarget/invoices.js","1891","router","delete","""/:invoice_id""",""
"src/routes/greentarget/leave-management.js","106","router","get","""/balances/batch""",""
"src/routes/greentarget/leave-management.js","246","router","get","""/balances/:employeeId/:year""",""
"src/routes/greentarget/leave-management.js","360","router","get","""/records/:employeeId/:year""",""
"src/routes/greentarget/leave-management.js","418","router","post","""/records""",""
"src/routes/greentarget/leave-management.js","464","router","put","""/records/:id""",""
"src/routes/greentarget/leave-management.js","503","router","delete","""/records/:id""",""
"src/routes/greentarget/leave-management.js","527","router","get","""/summary/:employeeId/:year/:month""",""
"src/routes/greentarget/leave-management.js","584","router","post","""/batch-reports""",""
"src/routes/greentarget/locations.js","8","router","get","""/""",""
"src/routes/greentarget/locations.js","39","router","post","""/""",""
"src/routes/greentarget/locations.js","97","router","put","""/:id""",""
"src/routes/greentarget/locations.js","144","router","delete","""/:id""",""
"src/routes/greentarget/mid-month-payrolls.js","51","router","get","""/""",""
"src/routes/greentarget/mid-month-payrolls.js","148","router","get","""/employee/:employee_id/:year/:month""",""
"src/routes/greentarget/mid-month-payrolls.js","183","router","get","""/:id""",""
"src/routes/greentarget/mid-month-payrolls.js","217","router","post","""/""",""
"src/routes/greentarget/mid-month-payrolls.js","321","router","put","""/:id""",""
"src/routes/greentarget/mid-month-payrolls.js","432","router","put","""/:id/status""",""
"src/routes/greentarget/mid-month-payrolls.js","498","router","delete","""/:id""",""
"src/routes/greentarget/monthly-payrolls.js","28","router","get","""/""",""
"src/routes/greentarget/monthly-payrolls.js","87","router","get","""/:id/eligible-employees""",""
"src/routes/greentarget/monthly-payrolls.js","136","router","get","""/:id""",""
"src/routes/greentarget/monthly-payrolls.js","273","router","post","""/""",""
"src/routes/greentarget/monthly-payrolls.js","319","router","post","""/:id/process-all""",""
"src/routes/greentarget/monthly-payrolls.js","954","router","delete","""/:id""",""
"src/routes/greentarget/monthly-work-logs.js","28","router","get","""/""",""
"src/routes/greentarget/monthly-work-logs.js","122","router","get","""/:id""",""
"src/routes/greentarget/monthly-work-logs.js","203","router","post","""/""",""
"src/routes/greentarget/monthly-work-logs.js","383","router","put","""/:id""",""
"src/routes/greentarget/monthly-work-logs.js","582","router","delete","""/:id""",""
"src/routes/greentarget/monthly-work-logs.js","628","router","get","""/leave/:year/:month""",""
"src/routes/greentarget/others-records.js","27","router","get","""/""",""
"src/routes/greentarget/others-records.js","97","router","post","""/""",""
"src/routes/greentarget/others-records.js","188","router","put","""/:id""",""
"src/routes/greentarget/others-records.js","359","router","delete","""/:id""",""
"src/routes/greentarget/payments.js","437","router","get","""/""",""
"src/routes/greentarget/payments.js","511","router","get","""/receipts/by-reference/:ref(*)""",""
"src/routes/greentarget/payments.js","592","router","get","""/receipts/:receiptId/group""",""
"src/routes/greentarget/payments.js","751","router","post","""/batch""",""
"src/routes/greentarget/payments.js","1181","router","post","""/""",""
"src/routes/greentarget/payments.js","1601","router","get","""/check-internal-ref/:ref(*)""",""
"src/routes/greentarget/payments.js","1662","router","put","""/:payment_id""",""
"src/routes/greentarget/payments.js","1845","router","put","""/:payment_id/confirm""",""
"src/routes/greentarget/payments.js","2028","router","put","""/:payment_id/cancel""",""
"src/routes/greentarget/payments.js","2183","router","delete","""/:payment_id""",""
"src/routes/greentarget/payroll-employees.js","8","router","get","""/""",""
"src/routes/greentarget/payroll-employees.js","38","router","post","""/""",""
"src/routes/greentarget/payroll-employees.js","97","router","delete","""/:id""",""
"src/routes/greentarget/payroll-employees.js","127","router","delete","""/:id/permanent""",""
"src/routes/greentarget/payroll-rules.js","8","router","get","""/""",""
"src/routes/greentarget/payroll-rules.js","57","router","get","""/pay-codes""",""
"src/routes/greentarget/payroll-rules.js","83","router","get","""/:id""",""
"src/routes/greentarget/payroll-rules.js","123","router","post","""/""",""
"src/routes/greentarget/payroll-rules.js","190","router","put","""/:id""",""
"src/routes/greentarget/payroll-rules.js","268","router","delete","""/:id""",""
"src/routes/greentarget/payroll-rules.js","290","router","get","""/evaluate/:rule_type""",""
"src/routes/greentarget/payroll-rules.js","360","router","get","""/settings/all""",""
"src/routes/greentarget/payroll-rules.js","383","router","put","""/settings/:key""",""
"src/routes/greentarget/pickup-destinations.js","8","router","get","""/""",""
"src/routes/greentarget/pickup-destinations.js","32","router","get","""/:id""",""
"src/routes/greentarget/pickup-destinations.js","55","router","post","""/""",""
"src/routes/greentarget/pickup-destinations.js","95","router","put","""/:id""",""
"src/routes/greentarget/pickup-destinations.js","150","router","delete","""/:id""",""
"src/routes/greentarget/pinjam-records.js","12","router","get","""/""",""
"src/routes/greentarget/pinjam-records.js","104","router","get","""/dashboard""",""
"src/routes/greentarget/pinjam-records.js","201","router","get","""/summary""",""
"src/routes/greentarget/pinjam-records.js","282","router","get","""/:id""",""
"src/routes/greentarget/pinjam-records.js","315","router","post","""/""",""
"src/routes/greentarget/pinjam-records.js","400","router","post","""/batch""",""
"src/routes/greentarget/pinjam-records.js","573","router","put","""/:id""",""
"src/routes/greentarget/pinjam-records.js","662","router","delete","""/:id""",""
"src/routes/greentarget/rentals.js","82","router","get","""/""",""
"src/routes/greentarget/rentals.js","250","router","post","""/""",""
"src/routes/greentarget/rentals.js","407","router","put","""/:rental_id""",""
"src/routes/greentarget/rentals.js","671","router","get","""/:rental_id/details""",""
"src/routes/greentarget/rentals.js","758","router","get","""/:rental_id""",""
"src/routes/greentarget/rentals.js","831","router","delete","""/:rental_id""",""
"src/routes/greentarget/salary-report.js","309","router","get","""/""",""
"src/routes/greentarget/salary-report.js","421","router","get","""/yearly""",""
"src/routes/greentarget/salary-report.js","497","router","get","""/annual""",""
"src/routes/greentarget/salary-report.js","541","router","get","""/annual-breakdown""",""
"src/routes/greentarget/sales-report.js","87","router","get","""/""",""
"src/routes/index.js","203","app","use","""/api/auth""",""
"src/routes/index.js","206","app","use","""/api""",""
"src/routes/index.js","207","app","use","""/api""",""
"src/routes/index.js","208","app","use","""/api/sessions""",""
"src/routes/index.js","211","app","use","""/api/backup""",""
"src/routes/index.js","214","app","use","""/api/bookmarks""",""
"src/routes/index.js","215","app","use","""/api/account-code-favourites""",""
"src/routes/index.js","221","app","use","""/api/debtors""",""
"src/routes/index.js","222","app","use","""/api/account-codes""",""
"src/routes/index.js","223","app","use","""/api/ledger-types""",""
"src/routes/index.js","224","app","use","""/api/journal-entries""",""
"src/routes/index.js","225","app","use","""/api/journal-vouchers""",""
"src/routes/index.js","226","app","use","""/api/financial-reports""",""
"src/routes/index.js","227","app","use","""/api/bank-statement""",""
"src/routes/index.js","228","app","use","""/api/audit-exports""",""
"src/routes/index.js","229","app","use","""/api/opening-balances""",""
"src/routes/index.js","230","app","use","""/api/materials""",""
"src/routes/index.js","231","app","use","""/api/suppliers""",""
"src/routes/index.js","232","app","use","""/api/purchase-invoices""",""
"src/routes/index.js","233","app","use","""/api/general-purchases""",""
"src/routes/index.js","237","app","use","""/api/self-billed-invoices""",""
"src/routes/index.js","241","app","use","""/api/supplier-payments""",""
"src/routes/index.js","244","app","use","""/api/invoices""",""
"src/routes/index.js","245","app","use","""/api/payments""",""
"src/routes/index.js","246","app","use","""/api/receipts""",""
"src/routes/index.js","247","app","use","""/api/bank-ins""",""
"src/routes/index.js","248","app","use","""/api/einvoice""",""
"src/routes/index.js","249","app","use","""/api/adjustment-docs""",""
"src/routes/index.js","252","app","use","""/api/daily-work-logs""",""
"src/routes/index.js","253","app","use","""/api/monthly-work-logs""",""
"src/routes/index.js","254","app","use","""/api/holidays""",""
"src/routes/index.js","255","app","use","""/api/monthly-payrolls""",""
"src/routes/index.js","256","app","use","""/api/employee-payrolls""",""
"src/routes/index.js","257","app","use","""/api/leave-management""",""
"src/routes/index.js","258","app","use","""/api/incentives""",""
"src/routes/index.js","259","app","use","""/api/others-records""",""
"src/routes/index.js","260","app","use","""/api/contribution-rates""",""
"src/routes/index.js","261","app","use","""/api/mid-month-payrolls""",""
"src/routes/index.js","262","app","use","""/api/pinjam-records""",""
"src/routes/index.js","263","app","use","""/api/salary-report""",""
"src/routes/index.js","264","app","use","""/api/e-caruman""",""
"src/routes/index.js","265","app","use","""/api/cp8d""",""
"src/routes/index.js","268","app","use","""/api/production-entries""",""
"src/routes/index.js","269","app","use","""/api/stock""",""
"src/routes/index.js","270","app","use","""/api/estimated-report""",""
"src/routes/index.js","273","app","use","""/greentarget/api/dashboard""","authMiddleware(pool) | checkRestoreState"
"src/routes/index.js","279","app","use","""/greentarget/api/customers""","authMiddleware(pool) | checkRestoreState"
"src/routes/index.js","285","app","use","""/greentarget/api/locations""","authMiddleware(pool) | checkRestoreState"
"src/routes/index.js","291","app","use","""/greentarget/api/dumpsters""","authMiddleware(pool) | checkRestoreState"
"src/routes/index.js","297","app","use","""/greentarget/api/rentals""","authMiddleware(pool) | checkRestoreState"
"src/routes/index.js","303","app","use","""/greentarget/api/invoices""","authMiddleware(pool) | checkRestoreState"
"src/routes/index.js","309","app","use","""/greentarget/api/payments""","authMiddleware(pool) | checkRestoreState"
"src/routes/index.js","315","app","use","""/greentarget/api/sales-report""","authMiddleware(pool)"
"src/routes/index.js","320","app","use","""/greentarget/api/einvoice""","authMiddleware(pool) | checkRestoreState"
"src/routes/index.js","326","app","use","""/greentarget/api/payroll-employees""","authMiddleware(pool) | checkRestoreState"
"src/routes/index.js","332","app","use","""/greentarget/api/employee-pay-codes""","authMiddleware(pool) | checkRestoreState"
"src/routes/index.js","338","app","use","""/greentarget/api/monthly-payrolls""","authMiddleware(pool) | checkRestoreState"
"src/routes/index.js","344","app","use","""/greentarget/api/monthly-work-logs""","authMiddleware(pool) | checkRestoreState"
"src/routes/index.js","350","app","use","""/greentarget/api/employee-payrolls""","authMiddleware(pool) | checkRestoreState"
"src/routes/index.js","356","app","use","""/greentarget/api/pickup-destinations""","authMiddleware(pool) | checkRestoreState"
"src/routes/index.js","362","app","use","""/greentarget/api/payroll-rules""","authMiddleware(pool) | checkRestoreState"
"src/routes/index.js","368","app","use","""/greentarget/api/pinjam-records""","authMiddleware(pool) | checkRestoreState"
"src/routes/index.js","374","app","use","""/greentarget/api/mid-month-payrolls""","authMiddleware(pool) | checkRestoreState"
"src/routes/index.js","380","app","use","""/greentarget/api/adjustment-docs""","authMiddleware(pool) | checkRestoreState"
"src/routes/index.js","386","app","use","""/greentarget/api/incentives""","authMiddleware(pool) | checkRestoreState"
"src/routes/index.js","392","app","use","""/greentarget/api/others-records""","authMiddleware(pool) | checkRestoreState"
"src/routes/index.js","398","app","use","""/greentarget/api/daily-lori-habuk""","authMiddleware(pool) | checkRestoreState"
"src/routes/index.js","404","app","use","""/greentarget/api/salary-report""","authMiddleware(pool) | checkRestoreState"
"src/routes/index.js","410","app","use","""/greentarget/api/leave-management""","authMiddleware(pool) | checkRestoreState"
"src/routes/index.js","416","app","use","""/greentarget/api/e-caruman""","authMiddleware(pool) | checkRestoreState"
"src/routes/index.js","422","app","use","""/greentarget/api/cp8d""","authMiddleware(pool) | checkRestoreState"
"src/routes/index.js","428","app","use","""/greentarget/api/customer-signups""",""
"src/routes/index.js","436","app","use","""/greentarget/api/financial-reports""","authMiddleware(pool)"
"src/routes/index.js","441","app","use","""/greentarget/api/bank-statement""","authMiddleware(pool)"
"src/routes/index.js","450","app","use","""/greentarget/api/opening-balances""","authMiddleware(pool) | checkRestoreState"
"src/routes/index.js","462","app","use","""/greentarget/api/journal-entries""","authMiddleware(pool) | checkRestoreState"
"src/routes/index.js","468","app","use","""/greentarget/api/account-codes""","authMiddleware(pool) | checkRestoreState"
"src/routes/index.js","474","app","use","""/greentarget/api/ledger-types""","authMiddleware(pool) | checkRestoreState"
"src/routes/index.js","480","app","use","""/greentarget/api/debtors""","authMiddleware(pool)"
"src/routes/index.js","487","app","use","""/greentarget/api/journal-vouchers""","authMiddleware(pool) | checkRestoreState"
"src/routes/index.js","495","app","use","""/jellypolly/api/invoices""","authMiddleware(pool) | checkRestoreState"
"src/routes/index.js","501","app","use","""/jellypolly/api/payments""","authMiddleware(pool) | checkRestoreState"
"src/routes/index.js","507","app","use","""/jellypolly/api/einvoice""","authMiddleware(pool) | checkRestoreState"
"src/routes/index.js","513","app","use","""/jellypolly/api/debtors""","authMiddleware(pool) | checkRestoreState"
"src/routes/index.js","519","app","use","""/jellypolly/api/account-ledger""","authMiddleware(pool) | checkRestoreState"
"src/routes/index.js","525","app","use","""/jellypolly/api/adjustment-docs""","authMiddleware(pool) | checkRestoreState"
"src/routes/index.js","531","app","use","""/jellypolly/api/monthly-payrolls""","authMiddleware(pool) | checkRestoreState"
"src/routes/index.js","537","app","use","""/jellypolly/api/employee-payrolls""","authMiddleware(pool) | checkRestoreState"
"src/routes/index.js","543","app","use","""/jellypolly/api/monthly-work-logs""","authMiddleware(pool) | checkRestoreState"
"src/routes/index.js","549","app","use","""/jellypolly/api/daily-work-logs""","authMiddleware(pool) | checkRestoreState"
"src/routes/index.js","555","app","use","""/jellypolly/api/daily-plastic""","authMiddleware(pool) | checkRestoreState"
"src/routes/index.js","561","app","use","""/jellypolly/api/pinjam-records""","authMiddleware(pool) | checkRestoreState"
"src/routes/index.js","567","app","use","""/jellypolly/api/mid-month-payrolls""","authMiddleware(pool) | checkRestoreState"
"src/routes/index.js","573","app","use","""/jellypolly/api/incentives""","authMiddleware(pool) | checkRestoreState"
"src/routes/index.js","579","app","use","""/jellypolly/api/others-records""","authMiddleware(pool) | checkRestoreState"
"src/routes/index.js","585","app","use","""/jellypolly/api/salary-report""","authMiddleware(pool) | checkRestoreState"
"src/routes/index.js","591","app","use","""/jellypolly/api/e-caruman""","authMiddleware(pool) | checkRestoreState"
"src/routes/index.js","597","app","use","""/jellypolly/api/cp8d""","authMiddleware(pool) | checkRestoreState"
"src/routes/index.js","603","app","use","""/jellypolly/api/staffs""","authMiddleware(pool) | checkRestoreState"
"src/routes/index.js","609","app","use","""/jellypolly/api/jobs""","authMiddleware(pool) | checkRestoreState"
"src/routes/index.js","615","app","use","""/jellypolly/api/pay-codes""","authMiddleware(pool) | checkRestoreState"
"src/routes/index.js","621","app","use","""/jellypolly/api/job-pay-codes""","authMiddleware(pool) | checkRestoreState"
"src/routes/index.js","627","app","use","""/jellypolly/api/locations""","authMiddleware(pool) | checkRestoreState"
"src/routes/index.js","633","app","use","""/jellypolly/api/job-location-mappings""","authMiddleware(pool) | checkRestoreState"
"src/routes/index.js","639","app","use","""/jellypolly/api/employee-pay-codes""","authMiddleware(pool) | checkRestoreState"
"src/routes/index.js","645","app","use","""/jellypolly/api/pay-rate-schedules""","authMiddleware(pool) | checkRestoreState"
"src/routes/index.js","651","app","use","""/jellypolly/api/product-pay-codes""","authMiddleware(pool) | checkRestoreState"
"src/routes/index.js","657","app","use","""/jellypolly/api/leave-management""","authMiddleware(pool) | checkRestoreState"
"src/routes/index.js","663","app","use","""/jellypolly/api/production-entries""","authMiddleware(pool) | checkRestoreState"
"src/routes/index.js","671","app","use","""/api/staffs""",""
"src/routes/index.js","672","app","use","""/api/customer-validation""",""
"src/routes/index.js","676","app","use","""/api/customers""",""
"src/routes/index.js","677","app","use","""/api/customer-products""",""
"src/routes/index.js","678","app","use","""/api/customer-branches""",""
"src/routes/index.js","679","app","use","""/api/products""",""
"src/routes/index.js","680","app","use","""/api/taxes""",""
"src/routes/index.js","681","app","use","""/api/jobs""",""
"src/routes/index.js","682","app","use","""/api/pay-codes""",""
"src/routes/index.js","683","app","use","""/api/pay-rate-schedules""",""
"src/routes/index.js","684","app","use","""/api/job-details""",""
"src/routes/index.js","685","app","use","""/api/job-pay-codes""",""
"src/routes/index.js","686","app","use","""/api/job-location-mappings""",""
"src/routes/index.js","687","app","use","""/api/product-pay-codes""",""
"src/routes/index.js","688","app","use","""/api/product-salesman-ikut-pay-codes""",""
"src/routes/index.js","692","app","use","""/api/job-categories""",""
"src/routes/index.js","693","app","use","""/api/staff-options""",""
"src/routes/index.js","694","app","use","""/api/employee-pay-codes""",""
"src/routes/index.js","697","app","use","""/api/sections""",""
"src/routes/index.js","698","app","use","""/api/departments""",""
"src/routes/index.js","699","app","use","""/api/locations""",""
"src/routes/index.js","700","app","use","""/api/banks""",""
"src/routes/index.js","701","app","use","""/api/nationalities""",""
"src/routes/index.js","702","app","use","""/api/races""",""
"src/routes/index.js","703","app","use","""/api/agama""",""
"src/routes/jellypolly/account-ledger.js","201","router","get","""/accounts""",""
"src/routes/jellypolly/account-ledger.js","246","router","get","""/opening-balances/:customerId""",""
"src/routes/jellypolly/account-ledger.js","333","router","put","""/opening-balances/:customerId""",""
"src/routes/jellypolly/account-ledger.js","420","router","delete","""/opening-balances/:customerId/:asOfDate""",""
"src/routes/jellypolly/account-ledger.js","460","router","get","""/:customerId/range/:start/:end""",""
"src/routes/jellypolly/cp8d.js","114","router","get","""/:year""",""
"src/routes/jellypolly/cp8d.js","137","router","post","""/:year/prefill""",""
"src/routes/jellypolly/cp8d.js","219","router","post","""/:year/records""",""
"src/routes/jellypolly/cp8d.js","285","router","post","""/records/:id/derive""",""
"src/routes/jellypolly/cp8d.js","356","router","put","""/records/:id""",""
"src/routes/jellypolly/cp8d.js","419","router","delete","""/records/:id""",""
"src/routes/jellypolly/cp8d.js","444","router","get","""/:year/export""",""
"src/routes/jellypolly/daily-plastic.js","160","router","get","""/""",""
"src/routes/jellypolly/daily-plastic.js","256","router","post","""/""",""
"src/routes/jellypolly/daily-plastic.js","385","router","delete","""/""",""
"src/routes/jellypolly/daily-plastic.js","431","router","get","""/leave""",""
"src/routes/jellypolly/daily-plastic.js","481","router","post","""/leave""",""
"src/routes/jellypolly/daily-work-logs.js","37","router","get","""/""",""
"src/routes/jellypolly/daily-work-logs.js","134","router","get","""/:id""",""
"src/routes/jellypolly/daily-work-logs.js","383","router","post","""/""",""
"src/routes/jellypolly/daily-work-logs.js","452","router","put","""/:id""",""
"src/routes/jellypolly/daily-work-logs.js","557","router","delete","""/:id""",""
"src/routes/jellypolly/debtors.js","196","router","get","""/""",""
"src/routes/jellypolly/debtors.js","348","router","get","""/statement/:customerId""",""
"src/routes/jellypolly/debtors.js","525","router","get","""/general-statement""",""
"src/routes/jellypolly/e-caruman.js","168","router","get","""/settings""",""
"src/routes/jellypolly/e-caruman.js","190","router","put","""/settings""",""
"src/routes/jellypolly/e-caruman.js","228","router","get","""/preview""",""
"src/routes/jellypolly/e-caruman.js","437","router","get","""/epf/export""",""
"src/routes/jellypolly/e-caruman.js","495","router","get","""/socso-sip/export""",""
"src/routes/jellypolly/e-caruman.js","548","router","get","""/income-tax/export""",""
"src/routes/jellypolly/e-invoices.js","121","router","post","""/login""",""
"src/routes/jellypolly/e-invoices.js","152","router","post","""/submit""",""
"src/routes/jellypolly/e-invoices.js","523","router","post","""/cancelled/:id/sync""",""
"src/routes/jellypolly/e-invoices.js","672","router","get","""/consolidated-history""",""
"src/routes/jellypolly/e-invoices.js","742","router","post","""/consolidated-source-invoices""",""
"src/routes/jellypolly/e-invoices.js","821","router","get","""/eligible-for-consolidation""",""
"src/routes/jellypolly/e-invoices.js","934","router","post","""/submit-consolidated""",""
"src/routes/jellypolly/e-invoices.js","1173","router","get","""/settings/auto-consolidation""",""
"src/routes/jellypolly/e-invoices.js","1198","router","post","""/settings/auto-consolidation""",""
"src/routes/jellypolly/e-invoices.js","1236","router","get","""/auto-consolidation/status""",""
"src/routes/jellypolly/e-invoices.js","1278","router","post","""/consolidated/:id/update-status""",""
"src/routes/jellypolly/e-invoices.js","1400","router","post","""/consolidated/:id/cancel""",""
"src/routes/jellypolly/e-invoices.js","1549","router","get","""/submission/:uuid""",""
"src/routes/jellypolly/e-invoices.js","1583","router","post","""/clear-status/:id""",""
"src/routes/jellypolly/employee-pay-codes.js","8","router","get","""/all-mappings""",""
"src/routes/jellypolly/employee-pay-codes.js","96","router","get","""/employee/:employeeId""",""
"src/routes/jellypolly/employee-pay-codes.js","157","router","post","""/batch""",""
"src/routes/jellypolly/employee-pay-codes.js","284","router","post","""/batch-delete""",""
"src/routes/jellypolly/employee-pay-codes.js","390","router","post","""/""",""
"src/routes/jellypolly/employee-pay-codes.js","467","router","put","""/:employeeId/:payCodeId""",""
"src/routes/jellypolly/employee-pay-codes.js","581","router","put","""/batch-default""",""
"src/routes/jellypolly/employee-pay-codes.js","667","router","delete","""/:employeeId/:payCodeId""",""
"src/routes/jellypolly/employee-payrolls.js","74","router","get","""/cross-company/:employeeId/:year/:month""",""
"src/routes/jellypolly/employee-payrolls.js","195","router","get","""/batch""",""
"src/routes/jellypolly/employee-payrolls.js","380","router","get","""/:id""",""
"src/routes/jellypolly/employee-payrolls.js","534","router","post","""/:id/items""",""
"src/routes/jellypolly/employee-payrolls.js","599","router","delete","""/items/:itemId""",""
"src/routes/jellypolly/incentives.js","26","router","get","""/""",""
"src/routes/jellypolly/incentives.js","77","router","post","""/""",""
"src/routes/jellypolly/incentives.js","117","router","put","""/:id""",""
"src/routes/jellypolly/incentives.js","175","router","delete","""/:id""",""
"src/routes/jellypolly/invoices.js","37","router","get","""/""",""
"src/routes/jellypolly/invoices.js","349","router","get","""/selection/ids""",""
"src/routes/jellypolly/invoices.js","503","router","get","""/batch""",""
"src/routes/jellypolly/invoices.js","612","router","get","""/salesman-products""",""
"src/routes/jellypolly/invoices.js","705","router","get","""/details/:id/items""",""
"src/routes/jellypolly/invoices.js","736","router","get","""/:id""",""
"src/routes/jellypolly/invoices.js","903","router","post","""/submit""",""
"src/routes/jellypolly/invoices.js","1072","router","delete","""/:id""",""
"src/routes/jellypolly/invoices.js","1280","router","get","""/export""",""
"src/routes/jellypolly/invoices.js","1396","router","put","""/:id/uuid""",""
"src/routes/jellypolly/invoices.js","1476","router","put","""/:id/order-details""",""
"src/routes/jellypolly/invoices.js","1822","router","put","""/:id/customer""",""
"src/routes/jellypolly/invoices.js","1960","router","put","""/:id/salesman""",""
"src/routes/jellypolly/invoices.js","2026","router","put","""/:id/paymenttype""",""
"src/routes/jellypolly/invoices.js","2200","router","put","""/:id/datetime""",""
"src/routes/jellypolly/job-location-mappings.js","22","router","get","""/""",""
"src/routes/jellypolly/job-location-mappings.js","75","router","get","""/unmapped""",""
"src/routes/jellypolly/job-location-mappings.js","96","router","get","""/:jobId""",""
"src/routes/jellypolly/job-location-mappings.js","132","router","post","""/""",""
"src/routes/jellypolly/job-location-mappings.js","207","router","put","""/:jobId""",""
"src/routes/jellypolly/job-location-mappings.js","330","router","delete","""/:jobId""",""
"src/routes/jellypolly/job-location-mappings.js","365","router","post","""/batch""",""
"src/routes/jellypolly/job-pay-codes.js","7","router","get","""/all-mappings""",""
"src/routes/jellypolly/job-pay-codes.js","97","router","get","""/job/:jobId""",""
"src/routes/jellypolly/job-pay-codes.js","159","router","post","""/""",""
"src/routes/jellypolly/job-pay-codes.js","226","router","post","""/batch""",""
"src/routes/jellypolly/job-pay-codes.js","356","router","put","""/:jobId/:payCodeId""",""
"src/routes/jellypolly/job-pay-codes.js","479","router","delete","""/:jobId/:payCodeId""",""
"src/routes/jellypolly/job-pay-codes.js","533","router","put","""/batch-default""",""
"src/routes/jellypolly/job-pay-codes.js","617","router","post","""/batch-delete""",""
"src/routes/jellypolly/jobs.js","28","router","get","""/""",""
"src/routes/jellypolly/jobs.js","59","router","post","""/""",""
"src/routes/jellypolly/jobs.js","106","router","get","""/:id/dependencies""",""
"src/routes/jellypolly/jobs.js","189","router","delete","""/:id""",""
"src/routes/jellypolly/jobs.js","217","router","put","""/:id""",""
"src/routes/jellypolly/jobs.js","266","router","get","""/:jobId/details/count""",""
"src/routes/jellypolly/leave-management.js","118","router","get","""/packing-cuti""",""
"src/routes/jellypolly/leave-management.js","184","router","post","""/packing-cuti/batch""",""
"src/routes/jellypolly/leave-management.js","379","router","get","""/balances/batch""",""
"src/routes/jellypolly/leave-management.js","519","router","get","""/balances/:employeeId/:year""",""
"src/routes/jellypolly/leave-management.js","633","router","get","""/records/:employeeId/:year""",""
"src/routes/jellypolly/leave-management.js","691","router","post","""/records""",""
"src/routes/jellypolly/leave-management.js","737","router","put","""/records/:id""",""
"src/routes/jellypolly/leave-management.js","776","router","delete","""/records/:id""",""
"src/routes/jellypolly/leave-management.js","800","router","get","""/summary/:employeeId/:year/:month""",""
"src/routes/jellypolly/leave-management.js","857","router","post","""/batch-reports""",""
"src/routes/jellypolly/locations.js","15","router","post","""/""",""
"src/routes/jellypolly/locations.js","50","router","get","""/""",""
"src/routes/jellypolly/locations.js","76","router","get","""/:id/dependencies""",""
"src/routes/jellypolly/locations.js","123","router","put","""/:id""",""
"src/routes/jellypolly/locations.js","222","router","delete","""/""",""
"src/routes/jellypolly/locations.js","291","router","get","""/employee-mappings""",""
"src/routes/jellypolly/locations.js","337","router","get","""/job-mappings""",""
"src/routes/jellypolly/locations.js","388","router","get","""/:id/exclusions""",""
"src/routes/jellypolly/locations.js","420","router","get","""/:id/exclusion-candidates""",""
"src/routes/jellypolly/locations.js","455","router","post","""/:id/exclusions""",""
"src/routes/jellypolly/locations.js","503","router","delete","""/:id/exclusions/:exclusionId""",""
"src/routes/jellypolly/mid-month-payrolls.js","13","router","get","""/""",""
"src/routes/jellypolly/mid-month-payrolls.js","110","router","get","""/employee/:employee_id/:year/:month""",""
"src/routes/jellypolly/mid-month-payrolls.js","145","router","get","""/:id""",""
"src/routes/jellypolly/mid-month-payrolls.js","179","router","post","""/""",""
"src/routes/jellypolly/mid-month-payrolls.js","273","router","put","""/:id""",""
"src/routes/jellypolly/mid-month-payrolls.js","372","router","put","""/:id/status""",""
"src/routes/jellypolly/mid-month-payrolls.js","429","router","delete","""/:id""",""
"src/routes/jellypolly/monthly-payrolls.js","11","router","get","""/""",""
"src/routes/jellypolly/monthly-payrolls.js","67","router","get","""/:id""",""
"src/routes/jellypolly/monthly-payrolls.js","163","router","post","""/""",""
"src/routes/jellypolly/monthly-payrolls.js","204","router","post","""/:id/process-all""",""
"src/routes/jellypolly/monthly-payrolls.js","237","router","delete","""/:id""",""
"src/routes/jellypolly/monthly-work-logs.js","80","router","get","""/""",""
"src/routes/jellypolly/monthly-work-logs.js","173","router","get","""/:id""",""
"src/routes/jellypolly/monthly-work-logs.js","285","router","post","""/""",""
"src/routes/jellypolly/monthly-work-logs.js","479","router","put","""/:id""",""
"src/routes/jellypolly/monthly-work-logs.js","703","router","delete","""/:id""",""
"src/routes/jellypolly/monthly-work-logs.js","752","router","get","""/leave/:year/:month""",""
"src/routes/jellypolly/others-records.js","47","router","get","""/""",""
"src/routes/jellypolly/others-records.js","117","router","post","""/""",""
"src/routes/jellypolly/others-records.js","210","router","put","""/:id""",""
"src/routes/jellypolly/others-records.js","394","router","delete","""/:id""",""
"src/routes/jellypolly/pay-codes.js","29","router","get","""/""",""
"src/routes/jellypolly/pay-codes.js","70","router","get","""/:id""",""
"src/routes/jellypolly/pay-codes.js","115","router","post","""/""",""
"src/routes/jellypolly/pay-codes.js","213","router","put","""/:id""",""
"src/routes/jellypolly/pay-codes.js","347","router","delete","""/:id""",""
"src/routes/jellypolly/pay-rate-schedules.js","80","router","post","""/resolve""",""
"src/routes/jellypolly/pay-rate-schedules.js","122","router","get","""/""",""
"src/routes/jellypolly/pay-rate-schedules.js","169","router","post","""/""",""
"src/routes/jellypolly/pay-rate-schedules.js","210","router","put","""/:id""",""
"src/routes/jellypolly/pay-rate-schedules.js","252","router","delete","""/:id""",""
"src/routes/jellypolly/payments.js","76","router","get","""/""",""
"src/routes/jellypolly/payments.js","122","router","get","""/all""",""
"src/routes/jellypolly/payments.js","218","router","get","""/reference-usage/:ref(*)""",""
"src/routes/jellypolly/payments.js","260","router","post","""/""",""
"src/routes/jellypolly/payments.js","471","router","put","""/:payment_id/confirm""",""
"src/routes/jellypolly/payments.js","598","router","put","""/:payment_id/date""",""
"src/routes/jellypolly/payments.js","789","router","put","""/group/cancel""",""
"src/routes/jellypolly/payments.js","1003","router","put","""/:payment_id/cancel""",""
"src/routes/jellypolly/payments.js","1173","router","delete","""/:payment_id""",""
"src/routes/jellypolly/pinjam-records.js","12","router","get","""/""",""
"src/routes/jellypolly/pinjam-records.js","104","router","get","""/dashboard""",""
"src/routes/jellypolly/pinjam-records.js","201","router","get","""/summary""",""
"src/routes/jellypolly/pinjam-records.js","282","router","get","""/:id""",""
"src/routes/jellypolly/pinjam-records.js","315","router","post","""/""",""
"src/routes/jellypolly/pinjam-records.js","400","router","post","""/batch""",""
"src/routes/jellypolly/pinjam-records.js","573","router","put","""/:id""",""
"src/routes/jellypolly/pinjam-records.js","662","router","delete","""/:id""",""
"src/routes/jellypolly/product-pay-codes.js","8","router","get","""/all-mappings""",""
"src/routes/jellypolly/product-pay-codes.js","77","router","get","""/:productId""",""
"src/routes/jellypolly/product-pay-codes.js","129","router","post","""/batch""",""
"src/routes/jellypolly/product-pay-codes.js","261","router","post","""/batch-delete""",""
"src/routes/jellypolly/production-entries.js","77","router","get","""/machine-broken""",""
"src/routes/jellypolly/production-entries.js","110","router","put","""/machine-broken""",""
"src/routes/jellypolly/production-entries.js","148","router","get","""/worker-order""",""
"src/routes/jellypolly/production-entries.js","182","router","put","""/worker-order""",""
"src/routes/jellypolly/production-entries.js","245","router","get","""/page-context""",""
"src/routes/jellypolly/production-entries.js","366","router","get","""/""",""
"src/routes/jellypolly/production-entries.js","438","router","get","""/workers""",""
"src/routes/jellypolly/production-entries.js","460","router","get","""/daily-summary""",""
"src/routes/jellypolly/production-entries.js","506","router","get","""/date-range-summary""",""
"src/routes/jellypolly/production-entries.js","552","router","post","""/""",""
"src/routes/jellypolly/production-entries.js","616","router","post","""/batch""",""
"src/routes/jellypolly/production-entries.js","806","router","put","""/:id""",""
"src/routes/jellypolly/production-entries.js","885","router","delete","""/:id""",""
"src/routes/jellypolly/salary-report.js","375","router","get","""/""",""
"src/routes/jellypolly/salary-report.js","485","router","get","""/yearly""",""
"src/routes/jellypolly/salary-report.js","558","router","get","""/annual""",""
"src/routes/jellypolly/salary-report.js","599","router","get","""/annual-breakdown""",""
"src/routes/jellypolly/staffs.js","41","router","get","""/""",""
"src/routes/jellypolly/staffs.js","139","router","post","""/""",""
"src/routes/jellypolly/staffs.js","272","router","get","""/get-salesmen""",""
"src/routes/jellypolly/staffs.js","290","router","get","""/get-drivers""",""
"src/routes/jellypolly/staffs.js","309","router","get","""/same-name/:id""",""
"src/routes/jellypolly/staffs.js","362","router","put","""/set-head""",""
"src/routes/jellypolly/staffs.js","430","router","get","""/:id""",""
"src/routes/jellypolly/staffs.js","514","router","put","""/batch-job-update""",""
"src/routes/jellypolly/staffs.js","588","router","put","""/batch-location-update""",""
"src/routes/jellypolly/staffs.js","662","router","put","""/:id""",""
"src/routes/jellypolly/staffs.js","809","router","delete","""/:id""",""
"src/routes/payroll/contribution-rates.js","8","router","get","""/epf""",""
"src/routes/payroll/contribution-rates.js","27","router","get","""/socso""",""
"src/routes/payroll/contribution-rates.js","46","router","get","""/sip""",""
"src/routes/payroll/contribution-rates.js","65","router","put","""/epf/:id""",""
"src/routes/payroll/contribution-rates.js","108","router","put","""/socso/:id""",""
"src/routes/payroll/contribution-rates.js","154","router","put","""/sip/:id""",""
"src/routes/payroll/contribution-rates.js","189","router","get","""/income-tax""",""
"src/routes/payroll/contribution-rates.js","208","router","put","""/income-tax/:id""",""
"src/routes/payroll/contribution-rates.js","254","router","post","""/income-tax""",""
"src/routes/payroll/contribution-rates.js","343","router","delete","""/income-tax/:id""",""
"src/routes/payroll/cp8d.js","112","router","get","""/:year""",""
"src/routes/payroll/cp8d.js","135","router","post","""/:year/prefill""",""
"src/routes/payroll/cp8d.js","217","router","post","""/:year/records""",""
"src/routes/payroll/cp8d.js","283","router","post","""/records/:id/derive""",""
"src/routes/payroll/cp8d.js","354","router","put","""/records/:id""",""
"src/routes/payroll/cp8d.js","417","router","delete","""/records/:id""",""
"src/routes/payroll/cp8d.js","442","router","get","""/:year/export""",""
"src/routes/payroll/daily-work-logs.js","18","router","get","""/""",""
"src/routes/payroll/daily-work-logs.js","117","router","get","""/:id""",""
"src/routes/payroll/daily-work-logs.js","238","router","put","""/:id""",""
"src/routes/payroll/daily-work-logs.js","487","router","delete","""/:id""",""
"src/routes/payroll/daily-work-logs.js","547","router","post","""/""",""
"src/routes/payroll/e-caruman.js","317","router","get","""/preview""",""
"src/routes/payroll/e-caruman.js","613","router","get","""/epf""",""
"src/routes/payroll/e-caruman.js","704","router","get","""/epf/export""",""
"src/routes/payroll/e-caruman.js","796","router","get","""/epf/preview""",""
"src/routes/payroll/e-caruman.js","872","router","get","""/socso/preview""",""
"src/routes/payroll/e-caruman.js","973","router","get","""/socso-sip/export""",""
"src/routes/payroll/e-caruman.js","1115","router","get","""/socso/export""",""
"src/routes/payroll/e-caruman.js","1128","router","get","""/sip/export""",""
"src/routes/payroll/e-caruman.js","1148","router","get","""/income-tax/export""",""
"src/routes/payroll/employee-payrolls.js","691","router","get","""/staff/:employeeId/history""",""
"src/routes/payroll/employee-payrolls.js","745","router","get","""/batch""",""
"src/routes/payroll/employee-payrolls.js","1124","router","get","""/monthly/:monthlyPayrollId/manual-items""",""
"src/routes/payroll/employee-payrolls.js","1155","router","get","""/:id/comprehensive""",""
"src/routes/payroll/employee-payrolls.js","1554","router","get","""/:id""",""
"src/routes/payroll/employee-payrolls.js","1916","router","post","""/batch""",""
"src/routes/payroll/employee-payrolls.js","2162","router","post","""/""",""
"src/routes/payroll/employee-payrolls.js","2333","router","post","""/:id/items""",""
"src/routes/payroll/employee-payrolls.js","2461","router","delete","""/items/:itemId""",""
"src/routes/payroll/employee-payrolls.js","2500","router","delete","""/monthly/:monthlyPayrollId""",""
"src/routes/payroll/holidays.js","8","router","get","""/""",""
"src/routes/payroll/holidays.js","43","router","post","""/""",""
"src/routes/payroll/holidays.js","73","router","post","""/batch""",""
"src/routes/payroll/holidays.js","148","router","put","""/:id""",""
"src/routes/payroll/holidays.js","199","router","delete","""/:id""",""
"src/routes/payroll/incentives.js","11","router","get","""/""",""
"src/routes/payroll/incentives.js","66","router","post","""/""",""
"src/routes/payroll/incentives.js","100","router","put","""/:id""",""
"src/routes/payroll/incentives.js","136","router","delete","""/:id""",""
"src/routes/payroll/leave-management.js","112","router","get","""/packing-cuti""",""
"src/routes/payroll/leave-management.js","178","router","post","""/packing-cuti/batch""",""
"src/routes/payroll/leave-management.js","355","router","get","""/balances/batch""",""
"src/routes/payroll/leave-management.js","495","router","get","""/balances/:employeeId/:year""",""
"src/routes/payroll/leave-management.js","609","router","get","""/records/:employeeId/:year""",""
"src/routes/payroll/leave-management.js","667","router","post","""/records""",""
"src/routes/payroll/leave-management.js","713","router","put","""/records/:id""",""
"src/routes/payroll/leave-management.js","752","router","delete","""/records/:id""",""
"src/routes/payroll/leave-management.js","776","router","get","""/summary/:employeeId/:year/:month""",""
"src/routes/payroll/leave-management.js","838","router","post","""/batch-reports""",""
"src/routes/payroll/mid-month-payrolls.js","8","router","get","""/""",""
"src/routes/payroll/mid-month-payrolls.js","106","router","get","""/:id""",""
"src/routes/payroll/mid-month-payrolls.js","140","router","post","""/""",""
"src/routes/payroll/mid-month-payrolls.js","232","router","put","""/:id""",""
"src/routes/payroll/mid-month-payrolls.js","327","router","put","""/:id/status""",""
"src/routes/payroll/mid-month-payrolls.js","378","router","delete","""/:id""",""
"src/routes/payroll/mid-month-payrolls.js","411","router","get","""/employee/:employee_id/:year/:month""",""
"src/routes/payroll/monthly-payrolls.js","47","router","get","""/""",""
"src/routes/payroll/monthly-payrolls.js","119","router","get","""/:id/eligible-employees""",""
"src/routes/payroll/monthly-payrolls.js","246","router","get","""/:id""",""
"src/routes/payroll/monthly-payrolls.js","286","router","post","""/""",""
"src/routes/payroll/monthly-payrolls.js","320","router","post","""/:id/process""",""
"src/routes/payroll/monthly-payrolls.js","441","router","post","""/:id/process-all""",""
"src/routes/payroll/monthly-work-logs.js","79","router","get","""/""",""
"src/routes/payroll/monthly-work-logs.js","181","router","get","""/:id""",""
"src/routes/payroll/monthly-work-logs.js","306","router","post","""/""",""
"src/routes/payroll/monthly-work-logs.js","513","router","put","""/:id""",""
"src/routes/payroll/monthly-work-logs.js","732","router","delete","""/:id""",""
"src/routes/payroll/monthly-work-logs.js","773","router","get","""/leave/:year/:month""",""
"src/routes/payroll/others-records.js","26","router","get","""/""",""
"src/routes/payroll/others-records.js","108","router","post","""/""",""
"src/routes/payroll/others-records.js","209","router","put","""/:id""",""
"src/routes/payroll/others-records.js","382","router","delete","""/:id""",""
"src/routes/payroll/pinjam-records.js","9","router","get","""/""",""
"src/routes/payroll/pinjam-records.js","101","router","get","""/dashboard""",""
"src/routes/payroll/pinjam-records.js","199","router","get","""/summary""",""
"src/routes/payroll/pinjam-records.js","280","router","get","""/:id""",""
"src/routes/payroll/pinjam-records.js","313","router","post","""/""",""
"src/routes/payroll/pinjam-records.js","398","router","post","""/batch""",""
"src/routes/payroll/pinjam-records.js","571","router","put","""/:id""",""
"src/routes/payroll/pinjam-records.js","662","router","delete","""/:id""",""
"src/routes/payroll/salary-report.js","1079","router","get","""/""",""
"src/routes/payroll/salary-report.js","1132","router","get","""/yearly""",""
"src/routes/payroll/salary-report.js","2229","router","get","""/annual""",""
"src/routes/payroll/salary-report.js","2321","router","get","""/annual-breakdown""",""
"src/routes/sales/adjustment-docs/index.js","698","router","get","""/next-number/:type""",""
"src/routes/sales/adjustment-docs/index.js","724","router","get","""/id-availability""",""
"src/routes/sales/adjustment-docs/index.js","757","router","get","""/""",""
"src/routes/sales/adjustment-docs/index.js","864","router","get","""/:id""",""
"src/routes/sales/adjustment-docs/index.js","890","router","post","""/""",""
"src/routes/sales/adjustment-docs/index.js","1299","router","post","""/:id/cancel""",""
"src/routes/sales/adjustment-docs/index.js","1536","router","post","""/:id/submit-einvoice""",""
"src/routes/sales/adjustment-docs/index.js","1709","router","post","""/:id/update-status""",""
"src/routes/sales/adjustment-docs/index.js","1810","router","post","""/:id/cancel-einvoice""",""
"src/routes/sales/adjustment-docs/index.js","1940","router","get","""/eligible-for-consolidation""",""
"src/routes/sales/adjustment-docs/index.js","1998","router","post","""/submit-consolidated""",""
"src/routes/sales/adjustment-docs/index.js","2225","router","get","""/consolidated-history""",""
"src/routes/sales/adjustment-docs/index.js","2259","router","post","""/:id/clear-einvoice-status""",""
"src/routes/sales/invoices/e-invoices.js","130","router","post","""/login""",""
"src/routes/sales/invoices/e-invoices.js","161","router","post","""/submit""",""
"src/routes/sales/invoices/e-invoices.js","1000","router","post","""/cancelled/:id/sync""",""
"src/routes/sales/invoices/e-invoices.js","1149","router","get","""/consolidated-history""",""
"src/routes/sales/invoices/e-invoices.js","1216","router","post","""/consolidated-source-invoices""",""
"src/routes/sales/invoices/e-invoices.js","1295","router","get","""/submission/:uuid""",""
"src/routes/sales/invoices/e-invoices.js","1372","router","get","""/eligible-for-consolidation""",""
"src/routes/sales/invoices/e-invoices.js","1484","router","post","""/submit-consolidated""",""
"src/routes/sales/invoices/e-invoices.js","1842","router","get","""/settings/auto-consolidation""",""
"src/routes/sales/invoices/e-invoices.js","1867","router","post","""/settings/auto-consolidation""",""
"src/routes/sales/invoices/e-invoices.js","1905","router","get","""/auto-consolidation/status""",""
"src/routes/sales/invoices/e-invoices.js","1947","router","post","""/consolidated/:id/update-status""",""
"src/routes/sales/invoices/e-invoices.js","2070","router","post","""/consolidated/:id/cancel""",""
"src/routes/sales/invoices/e-invoices.js","2219","router","post","""/clear-status/:id""",""
"src/routes/sales/invoices/invoices.js","415","router","get","""/""",""
"src/routes/sales/invoices/invoices.js","748","router","get","""/ids""",""
"src/routes/sales/invoices/invoices.js","770","router","get","""/selection/ids""",""
"src/routes/sales/invoices/invoices.js","924","router","get","""/batch""",""
"src/routes/sales/invoices/invoices.js","1031","router","post","""/sales/summary""",""
"src/routes/sales/invoices/invoices.js","1573","router","get","""/salesman-products""",""
"src/routes/sales/invoices/invoices.js","1731","router","get","""/details/:id/items""",""
"src/routes/sales/invoices/invoices.js","1762","router","get","""/sales/products""",""
"src/routes/sales/invoices/invoices.js","1876","router","get","""/sales/customers""",""
"src/routes/sales/invoices/invoices.js","2121","router","get","""/sales/salesmen""",""
"src/routes/sales/invoices/invoices.js","2230","router","get","""/sales/products-by-salesman""",""
"src/routes/sales/invoices/invoices.js","2346","router","get","""/sales/trends""",""
"src/routes/sales/invoices/invoices.js","2672","router","get","""/:id""",""
"src/routes/sales/invoices/invoices.js","2884","router","post","""/submit""",""
"src/routes/sales/invoices/invoices.js","3070","router","post","""/submit-invoices""",""
"src/routes/sales/invoices/invoices.js","3755","router","post","""/:id/restore""",""
"src/routes/sales/invoices/invoices.js","3970","router","delete","""/:id""",""
"src/routes/sales/invoices/invoices.js","4249","router","put","""/:id/uuid""",""
"src/routes/sales/invoices/invoices.js","4329","router","put","""/:id/order-details""",""
"src/routes/sales/invoices/invoices.js","4679","router","put","""/:id/customer""",""
"src/routes/sales/invoices/invoices.js","5457","router","put","""/:id/salesman""",""
"src/routes/sales/invoices/invoices.js","5523","router","put","""/:id/paymenttype""",""
"src/routes/sales/invoices/invoices.js","5755","router","put","""/:id/datetime""",""
"src/routes/sales/invoices/invoices.js","5902","router","post","""/check-pending""",""
"src/routes/sales/invoices/invoices.js","5971","router","get","""/pending-status""",""
"src/routes/sales/invoices/invoices.js","6011","router","post","""/schedule-pending-checks""",""
"src/routes/sales/invoices/payments.js","55","router","get","""/""",""
"src/routes/sales/invoices/payments.js","122","router","get","""/all""",""
"src/routes/sales/invoices/payments.js","258","router","get","""/by-reference/:reference""",""
"src/routes/sales/invoices/payments.js","298","router","post","""/reconcile-imported""",""
"src/routes/sales/invoices/payments.js","340","router","post","""/""",""
"src/routes/sales/invoices/payments.js","510","router","get","""/overpayment-balance/:customerId""",""
"src/routes/sales/invoices/payments.js","531","router","post","""/apply-overpayment""",""
"src/routes/sales/invoices/payments.js","566","router","put","""/:payment_id/confirm""",""
"src/routes/sales/invoices/payments.js","753","router","put","""/:payment_id/cancel""",""
"src/routes/sales/invoices/payments.js","1049","router","delete","""/:payment_id""",""
"src/routes/sales/receipts.js","29","router","post","""/""",""
"src/routes/sales/receipts.js","130","router","get","""/""",""
"src/routes/sales/receipts.js","176","router","get","""/:id/group""",""
"src/routes/sales/receipts.js","202","router","get","""/by-reference/:ref(*)""",""
"src/routes/sales/receipts.js","251","router","get","""/:id""",""
"src/routes/sales/receipts.js","275","router","patch","""/:id/reference""",""
"src/routes/sales/receipts.js","310","router","patch","""/:id/date""",""
"src/routes/sales/receipts.js","344","router","patch","""/:id/group""",""
"src/routes/sales/receipts.js","374","router","put","""/:id/group/confirm""",""
"src/routes/sales/receipts.js","407","router","put","""/:id/confirm""",""
"src/routes/sales/receipts.js","432","router","put","""/:id/group/cancel""",""
"src/routes/sales/receipts.js","462","router","put","""/:id/cancel""",""
"src/routes/stock/estimated-report.js","68","router","get","""/""",""
"src/routes/stock/estimated-report.js","104","router","get","""/inputs""",""
"src/routes/stock/estimated-report.js","130","router","put","""/add-back""",""
"src/routes/stock/estimated-report.js","179","router","get","""/mappings""",""
"src/routes/stock/estimated-report.js","230","router","get","""/mappings/options""",""
"src/routes/stock/estimated-report.js","286","router","put","""/mappings/:lineId""",""
"src/routes/stock/production-entries.js","87","router","get","""/machine-broken""",""
"src/routes/stock/production-entries.js","120","router","put","""/machine-broken""",""
"src/routes/stock/production-entries.js","158","router","get","""/worker-order""",""
"src/routes/stock/production-entries.js","192","router","put","""/worker-order""",""
"src/routes/stock/production-entries.js","255","router","get","""/page-context""",""
"src/routes/stock/production-entries.js","378","router","get","""/""",""
"src/routes/stock/production-entries.js","449","router","get","""/workers""",""
"src/routes/stock/production-entries.js","492","router","get","""/daily-summary""",""
"src/routes/stock/production-entries.js","538","router","get","""/date-range-summary""",""
"src/routes/stock/production-entries.js","584","router","post","""/""",""
"src/routes/stock/production-entries.js","646","router","post","""/batch""",""
"src/routes/stock/production-entries.js","792","router","put","""/:id""",""
"src/routes/stock/production-entries.js","866","router","delete","""/:id""",""
"src/routes/stock/stock.js","112","router","get","""/movements""",""
"src/routes/stock/stock.js","471","router","get","""/closing-batch""",""
"src/routes/stock/stock.js","621","router","get","""/opening-balance/:product_id""",""
"src/routes/stock/stock.js","673","router","get","""/opening-balances""",""
"src/routes/stock/stock.js","701","router","post","""/opening-balance""",""
"src/routes/stock/stock.js","771","router","put","""/opening-balance/:id""",""
"src/routes/stock/stock.js","811","router","delete","""/opening-balance/:id""",""
"src/routes/stock/stock.js","841","router","get","""/adjustments""",""
"src/routes/stock/stock.js","887","router","post","""/adjustment""",""
"src/routes/stock/stock.js","941","router","delete","""/adjustment/:id""",""
"src/routes/stock/stock.js","975","router","get","""/adjustments/references""",""
"src/routes/stock/stock.js","1027","router","get","""/adjustments/by-reference""",""
"src/routes/stock/stock.js","1109","router","post","""/adjustments/batch""",""
"src/routes/stock/stock.js","1224","router","put","""/adjustments/by-reference/product""",""
"src/routes/stock/stock.js","1333","router","delete","""/adjustments/by-reference""",""
"src/routes/user/account-code-favourites.js","9","router","get","""/""",""
"src/routes/user/account-code-favourites.js","33","router","put","""/:accountCode""",""
"src/routes/user/account-code-favourites.js","66","router","delete","""/:accountCode""",""
"src/routes/user/bookmarks.js","8","router","get","'/:staffId'",""
"src/routes/user/bookmarks.js","30","router","post","'/'",""
"src/routes/user/bookmarks.js","54","router","delete","'/:staffId/:name'",""
"src/routes/utils/entity-router-factory.js","9","router","post","'/'",""
"src/routes/utils/entity-router-factory.js","36","router","get","'/'",""
"src/routes/utils/entity-router-factory.js","48","router","delete","'/'",""
"src/routes/utils/entity-router-factory.js","80","router","post","'/batch'",""
